Fecha,Total
27/02/2020,4
28/02/2020,2
29/02/2020,2
01/03/2020,2
02/03/2020,5
03/03/2020,9
04/03/2020,10
05/03/2020,11
06/03/2020,6
07/03/2020,7
08/03/2020,8
09/03/2020,5
10/03/2020,17
11/03/2020,39
12/03/2020,41
13/03/2020,66
14/03/2020,52
15/03/2020,37
16/03/2020,77
17/03/2020,104
18/03/2020,116
19/03/2020,151
20/03/2020,132
21/03/2020,85
22/03/2020,70
23/03/2020,168
24/03/2020,220
25/03/2020,185
26/03/2020,224
27/03/2020,262
28/03/2020,191
29/03/2020,166
30/03/2020,345
31/03/2020,311
01/04/2020,382
02/04/2020,347
03/04/2020,392
04/04/2020,250
05/04/2020,259
06/04/2020,631
07/04/2020,515
08/04/2020,581
09/04/2020,483
10/04/2020,572
11/04/2020,464
12/04/2020,479
13/04/2020,953
14/04/2020,936
15/04/2020,985
16/04/2020,996
17/04/2020,1145
18/04/2020,815
19/04/2020,794
20/04/2020,1521
21/04/2020,1471
22/04/2020,1423
23/04/2020,1506
24/04/2020,1734
25/04/2020,1164
26/04/2020,1117
27/04/2020,1942
28/04/2020,1961
29/04/2020,1948
30/04/2020,1884
01/05/2020,1555
02/05/2020,1493
03/05/2020,1377
04/05/2020,2642
05/05/2020,2234
06/05/2020,2389
07/05/2020,2531
08/05/2020,2530
09/05/2020,1657
10/05/2020,1552
11/05/2020,3118
12/05/2020,3070
13/05/2020,3230
14/05/2020,3217
15/05/2020,3694
16/05/2020,2270
17/05/2020,1739
18/05/2020,4181
19/05/2020,3710
20/05/2020,4052
21/05/2020,4103
22/05/2020,4132
23/05/2020,2416
24/05/2020,2002
25/05/2020,4788
26/05/2020,4423
27/05/2020,4566
28/05/2020,4310
29/05/2020,4468
30/05/2020,2822
31/05/2020,2199
01/06/2020,5453
02/06/2020,4837
03/06/2020,5073
04/06/2020,5013
05/06/2020,5159
06/06/2020,3149
07/06/2020,2468
08/06/2020,6291
09/06/2020,5873
10/06/2020,5826
11/06/2020,5471
12/06/2020,5744
13/06/2020,3231
14/06/2020,2702
15/06/2020,6690
16/06/2020,6476
17/06/2020,6180
18/06/2020,6146
19/06/2020,6162
20/06/2020,3736
21/06/2020,2610
22/06/2020,7014
23/06/2020,6617
24/06/2020,6369
25/06/2020,6342
26/06/2020,6618
27/06/2020,3779
28/06/2020,3065
29/06/2020,7563
30/06/2020,7229
01/07/2020,7696
02/07/2020,7100
03/07/2020,7121
04/07/2020,3760
05/07/2020,3103
06/07/2020,7883
07/07/2020,7927
08/07/2020,7453
09/07/2020,7059
10/07/2020,7221
11/07/2020,3927
12/07/2020,3278
13/07/2020,8927
14/07/2020,8463
15/07/2020,8864
16/07/2020,8266
17/07/2020,8050
18/07/2020,4453
19/07/2020,3501
20/07/2020,9133
21/07/2020,8660
22/07/2020,8304
23/07/2020,8097
24/07/2020,8029
25/07/2020,4211
26/07/2020,3070
27/07/2020,8527
28/07/2020,8202
29/07/2020,7674
30/07/2020,7576
31/07/2020,6739
01/08/2020,3834
02/08/2020,2563
03/08/2020,7537
04/08/2020,7393
05/08/2020,7179
06/08/2020,6678
07/08/2020,6630
08/08/2020,3682
09/08/2020,2442
10/08/2020,7271
11/08/2020,6881
12/08/2020,6501
13/08/2020,6456
14/08/2020,6219
15/08/2020,3255
16/08/2020,2340
17/08/2020,6903
18/08/2020,6732
19/08/2020,6299
20/08/2020,6031
21/08/2020,6307
22/08/2020,3163
23/08/2020,2356
24/08/2020,7099
25/08/2020,6697
26/08/2020,7037
27/08/2020,6541
28/08/2020,6337
29/08/2020,3167
30/08/2020,2245
31/08/2020,7044
01/09/2020,7155
02/09/2020,6921
03/09/2020,6300
04/09/2020,6041
05/09/2020,2906
06/09/2020,2098
07/09/2020,6428
08/09/2020,6629
09/09/2020,6065
10/09/2020,5707
11/09/2020,5506
12/09/2020,2815
13/09/2020,1918
14/09/2020,6273
15/09/2020,4372
16/09/2020,2251
17/09/2020,6416
18/09/2020,5614
19/09/2020,2822
20/09/2020,1865
21/09/2020,6323
22/09/2020,6177
23/09/2020,5834
24/09/2020,5408
25/09/2020,5287
26/09/2020,2671
27/09/2020,1840
28/09/2020,6304
29/09/2020,5964
30/09/2020,5558
01/10/2020,5293
02/10/2020,5006
03/10/2020,2458
04/10/2020,1769
05/10/2020,5934
06/10/2020,5956
07/10/2020,5775
08/10/2020,5513
09/10/2020,5666
10/10/2020,3041
11/10/2020,2218
12/10/2020,6827
13/10/2020,7135
14/10/2020,6476
15/10/2020,6466
16/10/2020,6615
17/10/2020,3354
18/10/2020,2369
19/10/2020,8233
20/10/2020,8394
21/10/2020,7420
22/10/2020,7296
23/10/2020,7235
24/10/2020,3503
25/10/2020,2474
26/10/2020,8411
27/10/2020,7949
28/10/2020,7185
29/10/2020,6873
30/10/2020,6284
31/10/2020,3019
01/11/2020,2172
02/11/2020,5171
03/11/2020,8087
04/11/2020,7637
05/11/2020,7557
06/11/2020,7098
07/11/2020,3545
08/11/2020,2652
09/11/2020,8974
10/11/2020,8939
11/11/2020,8358
12/11/2020,8151
13/11/2020,7581
14/11/2020,3908
15/11/2020,2641
16/11/2020,3313
17/11/2020,9625
18/11/2020,8719
19/11/2020,8215
20/11/2020,8395
21/11/2020,4220
22/11/2020,2785
23/11/2020,10361
24/11/2020,10287
25/11/2020,9586
26/11/2020,9600
27/11/2020,9618
28/11/2020,4896
29/11/2020,3013
30/11/2020,10934
01/12/2020,11633
02/12/2020,11466
03/12/2020,11219
04/12/2020,10915
05/12/2020,5998
06/12/2020,3178
07/12/2020,13110
08/12/2020,13007
09/12/2020,12502
10/12/2020,12756
11/12/2020,12499
12/12/2020,6902
13/12/2020,3422
14/12/2020,14381
15/12/2020,14046
16/12/2020,13331
17/12/2020,12800
18/12/2020,12551
19/12/2020,6616
20/12/2020,3799
21/12/2020,14476
22/12/2020,13887
23/12/2020,12823
24/12/2020,10480
25/12/2020,2735
26/12/2020,5933
27/12/2020,4397
28/12/2020,16224
29/12/2020,16099
30/12/2020,14728
31/12/2020,12083
01/01/2021,3413
02/01/2021,6948
03/01/2021,5274
04/01/2021,18556
05/01/2021,18821
06/01/2021,18409
07/01/2021,18766
08/01/2021,18601
09/01/2021,9842
10/01/2021,5663
11/01/2021,21044
12/01/2021,19503
13/01/2021,18651
14/01/2021,18371
15/01/2021,17514
16/01/2021,9441
17/01/2021,5329
18/01/2021,19675
19/01/2021,19046
20/01/2021,17478
21/01/2021,16925
22/01/2021,16480
23/01/2021,8803
24/01/2021,4749
25/01/2021,18196
26/01/2021,17063
27/01/2021,14919
28/01/2021,14026
29/01/2021,12367
30/01/2021,6812
31/01/2021,3709
01/02/2021,4722
02/02/2021,13447
03/02/2021,11873
04/02/2021,10835
05/02/2021,10200
06/02/2021,5345
07/02/2021,2762
08/02/2021,11671
09/02/2021,9323
10/02/2021,8532
11/02/2021,7836
12/02/2021,7723
13/02/2021,4001
14/02/2021,2172
15/02/2021,8342
16/02/2021,7802
17/02/2021,7038
18/02/2021,6982
19/02/2021,6799
20/02/2021,3433
21/02/2021,2050
22/02/2021,8649
23/02/2021,7520
24/02/2021,6878
25/02/2021,6788
26/02/2021,6886
27/02/2021,3509
28/02/2021,2116
01/03/2021,8675
02/03/2021,6955
03/03/2021,6589
04/03/2021,6334
05/03/2021,6014
06/03/2021,3066
07/03/2021,2001
08/03/2021,7093
09/03/2021,5976
10/03/2021,5529
11/03/2021,5373
12/03/2021,5267
13/03/2021,2671
14/03/2021,1562
15/03/2021,2151
16/03/2021,6785
17/03/2021,5314
18/03/2021,5042
19/03/2021,4777
20/03/2021,2441
21/03/2021,1559
22/03/2021,5947
23/03/2021,5223
24/03/2021,4670
25/03/2021,4623
26/03/2021,4201
27/03/2021,2263
28/03/2021,1328
29/03/2021,5317
30/03/2021,4462
31/03/2021,4046
01/04/2021,2096
02/04/2021,1706
03/04/2021,1617
04/04/2021,1434
05/04/2021,5561
06/04/2021,4658
07/04/2021,4425
08/04/2021,4253
09/04/2021,4063
10/04/2021,2231
11/04/2021,1210
12/04/2021,5099
13/04/2021,4257
14/04/2021,3853
15/04/2021,3783
16/04/2021,3334
17/04/2021,1690
18/04/2021,1101
19/04/2021,4350
20/04/2021,3667
21/04/2021,3639
22/04/2021,3287
23/04/2021,3191
24/04/2021,1748
25/04/2021,1072
26/04/2021,3996
27/04/2021,3460
28/04/2021,3184
29/04/2021,2981
30/04/2021,2701
01/05/2021,1002
02/05/2021,956
03/05/2021,3440
04/05/2021,2905
05/05/2021,2591
06/05/2021,2779
07/05/2021,2502
08/05/2021,1280
09/05/2021,782
10/05/2021,1731
11/05/2021,3199
12/05/2021,2635
13/05/2021,2374
14/05/2021,2481
15/05/2021,1212
16/05/2021,773
17/05/2021,2894
18/05/2021,2581
19/05/2021,2489
20/05/2021,2413
21/05/2021,2388
22/05/2021,1150
23/05/2021,799
24/05/2021,2956
25/05/2021,2717
26/05/2021,2634
27/05/2021,2558
28/05/2021,2499
29/05/2021,1139
30/05/2021,932
31/05/2021,3080
01/06/2021,2808
02/06/2021,2812
03/06/2021,2655
04/06/2021,2767
05/06/2021,1350
06/06/2021,843
07/06/2021,3683
08/06/2021,3589
09/06/2021,3389
10/06/2021,3308
11/06/2021,3289
12/06/2021,1710
13/06/2021,1095
14/06/2021,4217
15/06/2021,3877
16/06/2021,3937
17/06/2021,3970
18/06/2021,3973
19/06/2021,2064
20/06/2021,1272
21/06/2021,5314
22/06/2021,5178
23/06/2021,5344
24/06/2021,5343
25/06/2021,5223
26/06/2021,2749
27/06/2021,1708
28/06/2021,6966
29/06/2021,6439
30/06/2021,6263
01/07/2021,6527
02/07/2021,6771
03/07/2021,3466
04/07/2021,2268
05/07/2021,9301
06/07/2021,9318
07/07/2021,10106
08/07/2021,10118
09/07/2021,10529
10/07/2021,5323
11/07/2021,3529
12/07/2021,13965
13/07/2021,14070
14/07/2021,13947
15/07/2021,13581
16/07/2021,14100
17/07/2021,6905
18/07/2021,4688
19/07/2021,18208
20/07/2021,18365
21/07/2021,17945
22/07/2021,18864
23/07/2021,18020
24/07/2021,8730
25/07/2021,6385
26/07/2021,22782
27/07/2021,22172
28/07/2021,20708
29/07/2021,21408
30/07/2021,20126
31/07/2021,9386
01/08/2021,7336
02/08/2021,23616
03/08/2021,22984
04/08/2021,21739
05/08/2021,21976
06/08/2021,21245
07/08/2021,10090
08/08/2021,7570
09/08/2021,25605
10/08/2021,24742
11/08/2021,23151
12/08/2021,22322
13/08/2021,21661
14/08/2021,9525
15/08/2021,6787
16/08/2021,24481
17/08/2021,22004
18/08/2021,20961
19/08/2021,19076
20/08/2021,18049
21/08/2021,7668
22/08/2021,5924
23/08/2021,21305
24/08/2021,18781
25/08/2021,17319
26/08/2021,16288
27/08/2021,15730
28/08/2021,7062
29/08/2021,4814
30/08/2021,17773
31/08/2021,15638
01/09/2021,14760
02/09/2021,13942
03/09/2021,13353
04/09/2021,6367
05/09/2021,4201
06/09/2021,16005
07/09/2021,13468
08/09/2021,12203
09/09/2021,12155
10/09/2021,11885
11/09/2021,5233
12/09/2021,3746
13/09/2021,13866
14/09/2021,11765
15/09/2021,7736
16/09/2021,3839
17/09/2021,11776
18/09/2021,4722
19/09/2021,3242
20/09/2021,12796
21/09/2021,10460
22/09/2021,9954
23/09/2021,8866
24/09/2021,8828
25/09/2021,3794
26/09/2021,2744
27/09/2021,10325
28/09/2021,7899
29/09/2021,7358
30/09/2021,6486
01/10/2021,6152
02/10/2021,2819
03/10/2021,2138
04/10/2021,7853
05/10/2021,6566
06/10/2021,6103
07/10/2021,5495
08/10/2021,5220
09/10/2021,2418
10/10/2021,2031
11/10/2021,6758
12/10/2021,5426
13/10/2021,4875
14/10/2021,4866
15/10/2021,4685
16/10/2021,1870
17/10/2021,1406
18/10/2021,5577
19/10/2021,4541
20/10/2021,4268
21/10/2021,4120
22/10/2021,3980
23/10/2021,1705
24/10/2021,1296
25/10/2021,5252
26/10/2021,4206
27/10/2021,3847
28/10/2021,3654
29/10/2021,3485
30/10/2021,1286
31/10/2021,966
01/11/2021,3467
02/11/2021,2562
03/11/2021,3875
04/11/2021,3520
05/11/2021,3231
06/11/2021,1403
07/11/2021,1030
08/11/2021,4213
09/11/2021,3579
10/11/2021,3346
11/11/2021,3323
12/11/2021,3107
13/11/2021,1223
14/11/2021,868
15/11/2021,1381
16/11/2021,3938
17/11/2021,3605
18/11/2021,3235
19/11/2021,2978
20/11/2021,1294
21/11/2021,982
22/11/2021,4391
23/11/2021,3526
24/11/2021,3236
25/11/2021,3135
26/11/2021,2785
27/11/2021,1152
28/11/2021,1005
29/11/2021,3916
30/11/2021,3190
01/12/2021,3044
02/12/2021,3163
03/12/2021,2777
04/12/2021,1061
05/12/2021,882
06/12/2021,3749
07/12/2021,3255
08/12/2021,2935
09/12/2021,2814
10/12/2021,2788
11/12/2021,926
12/12/2021,906
13/12/2021,3322
14/12/2021,2834
15/12/2021,2828
16/12/2021,2770
17/12/2021,2542
18/12/2021,1156
19/12/2021,987
20/12/2021,3820
21/12/2021,3649
22/12/2021,3939
23/12/2021,4134
24/12/2021,3318
25/12/2021,1113
26/12/2021,2012
27/12/2021,8260
28/12/2021,9831
29/12/2021,11627
30/12/2021,12780
31/12/2021,11297
01/01/2022,3757
02/01/2022,5868
03/01/2022,24299
04/01/2022,32330
05/01/2022,39146
06/01/2022,42720
07/01/2022,46683
08/01/2022,22680
09/01/2022,19065
10/01/2022,69003
11/01/2022,71900
12/01/2022,75684
13/01/2022,74978
14/01/2022,73472
15/01/2022,31477
16/01/2022,23881
17/01/2022,81302
18/01/2022,75305
19/01/2022,71115
20/01/2022,65742
21/01/2022,57993
22/01/2022,25291
23/01/2022,19021
24/01/2022,62338
25/01/2022,51378
26/01/2022,46573
27/01/2022,41530
28/01/2022,36598
29/01/2022,16659
30/01/2022,12439
31/01/2022,37510
01/02/2022,29513
02/02/2022,26920
03/02/2022,23346
04/02/2022,20160
05/02/2022,8937
06/02/2022,6593
07/02/2022,9686
08/02/2022,20031
09/02/2022,14943
10/02/2022,13691
11/02/2022,12491
12/02/2022,5865
13/02/2022,4898
14/02/2022,13381
15/02/2022,10387
16/02/2022,9679
17/02/2022,9260
18/02/2022,8106
19/02/2022,3657
20/02/2022,3176
21/02/2022,8162
22/02/2022,6422
23/02/2022,5941
24/02/2022,5458
25/02/2022,4465
26/02/2022,1762
27/02/2022,1521
28/02/2022,5255
01/03/2022,3637
02/03/2022,3148
03/03/2022,3259
04/03/2022,2787
05/03/2022,1111
06/03/2022,903
07/03/2022,3027
08/03/2022,2469
09/03/2022,2413
10/03/2022,2267
11/03/2022,1879
12/03/2022,743
13/03/2022,683
14/03/2022,2265
15/03/2022,1926
16/03/2022,1596
17/03/2022,1524
18/03/2022,1331
19/03/2022,518
20/03/2022,331
21/03/2022,588
22/03/2022,1698
23/03/2022,1357
24/03/2022,1267
25/03/2022,1161
26/03/2022,422
27/03/2022,357
28/03/2022,1462
29/03/2022,1263
30/03/2022,1188
31/03/2022,1066
01/04/2022,765
02/04/2022,343
03/04/2022,281
04/04/2022,1029
05/04/2022,810
06/04/2022,798
07/04/2022,767
08/04/2022,729
09/04/2022,315
10/04/2022,261
11/04/2022,801
12/04/2022,674
13/04/2022,642
14/04/2022,276
15/04/2022,236
16/04/2022,212
17/04/2022,228
18/04/2022,886
19/04/2022,606
20/04/2022,756
21/04/2022,586
22/04/2022,572
23/04/2022,271
24/04/2022,329
25/04/2022,863
26/04/2022,688
27/04/2022,672
28/04/2022,623
29/04/2022,547
30/04/2022,243
01/05/2022,222
02/05/2022,857
03/05/2022,797
04/05/2022,756
05/05/2022,677
06/05/2022,772
07/05/2022,294
08/05/2022,283
09/05/2022,1079
10/05/2022,510
11/05/2022,1144
12/05/2022,1064
13/05/2022,985
14/05/2022,397
15/05/2022,335
16/05/2022,1412
17/05/2022,1322
18/05/2022,1420
19/05/2022,1448
20/05/2022,1416
21/05/2022,593
22/05/2022,579
23/05/2022,2301
24/05/2022,2114
25/05/2022,2320
26/05/2022,2171
27/05/2022,2159
28/05/2022,924
29/05/2022,876
30/05/2022,3470
31/05/2022,3461
01/06/2022,3665
02/06/2022,3478
03/06/2022,3676
04/06/2022,1559
05/06/2022,1356
06/06/2022,6200
07/06/2022,5791
08/06/2022,6614
09/06/2022,6369
10/06/2022,6482
11/06/2022,2616
12/06/2022,2264
13/06/2022,10039
14/06/2022,9562
15/06/2022,10208
16/06/2022,10018
17/06/2022,10606
18/06/2022,4453
19/06/2022,3733
20/06/2022,16957
21/06/2022,16735
22/06/2022,18014
23/06/2022,18409
24/06/2022,18965
25/06/2022,7782
26/06/2022,7167
27/06/2022,28019
28/06/2022,26950
29/06/2022,27564
30/06/2022,27831
01/07/2022,27152
02/07/2022,11114
03/07/2022,9632
04/07/2022,37784
05/07/2022,36007
06/07/2022,36453
07/07/2022,35711
08/07/2022,33404
09/07/2022,13288
10/07/2022,11636
11/07/2022,44550
12/07/2022,39637
13/07/2022,37545
14/07/2022,35391
15/07/2022,31826
16/07/2022,12400
17/07/2022,10354
18/07/2022,38847
19/07/2022,32969
20/07/2022,31827
21/07/2022,28372
22/07/2022,25218
23/07/2022,9627
24/07/2022,7504
25/07/2022,28488
26/07/2022,22981
27/07/2022,20538
28/07/2022,17760
29/07/2022,15140
30/07/2022,5936
31/07/2022,5023
01/08/2022,18914
02/08/2022,14396
03/08/2022,13319
04/08/2022,12068
05/08/2022,10607
06/08/2022,4014
07/08/2022,3270
08/08/2022,13093
09/08/2022,9846
10/08/2022,8932
11/08/2022,7753
12/08/2022,6746
13/08/2022,2458
14/08/2022,2139
15/08/2022,8209
16/08/2022,5876
17/08/2022,5345
18/08/2022,4834
19/08/2022,4383
20/08/2022,1708
21/08/2022,1522
22/08/2022,5618
23/08/2022,4126
24/08/2022,3755
25/08/2022,3281
26/08/2022,2946
27/08/2022,1140
28/08/2022,1108
29/08/2022,3830
30/08/2022,3075
31/08/2022,2599
01/09/2022,2437
02/09/2022,2222
03/09/2022,963
04/09/2022,894
05/09/2022,2762
06/09/2022,2107
07/09/2022,1865
08/09/2022,1767
09/09/2022,1697
10/09/2022,632
11/09/2022,594
12/09/2022,2283
13/09/2022,1638
14/09/2022,1400
15/09/2022,729
16/09/2022,415
17/09/2022,466
18/09/2022,394
19/09/2022,1866
20/09/2022,1464
21/09/2022,1307
22/09/2022,1133
23/09/2022,1043
24/09/2022,422
25/09/2022,340
26/09/2022,1324
27/09/2022,960
28/09/2022,807
29/09/2022,709
30/09/2022,637
01/10/2022,321
02/10/2022,249
03/10/2022,913
04/10/2022,677
05/10/2022,659
06/10/2022,579
07/10/2022,480
08/10/2022,174
09/10/2022,169
10/10/2022,650
11/10/2022,555
12/10/2022,461
13/10/2022,459
14/10/2022,399
15/10/2022,146
16/10/2022,162
17/10/2022,603
18/10/2022,471
19/10/2022,464
20/10/2022,425
21/10/2022,386
22/10/2022,148
23/10/2022,124
24/10/2022,648
25/10/2022,497
26/10/2022,535
27/10/2022,444
28/10/2022,444
29/10/2022,151
30/10/2022,99
31/10/2022,604
01/11/2022,475
02/11/2022,392
03/11/2022,647
04/11/2022,528
05/11/2022,209
06/11/2022,197
07/11/2022,919
08/11/2022,768
09/11/2022,788
10/11/2022,822
11/11/2022,700
12/11/2022,256
13/11/2022,259
14/11/2022,1113
15/11/2022,1030
16/11/2022,1047
17/11/2022,966
18/11/2022,999
19/11/2022,298
20/11/2022,295
21/11/2022,448
22/11/2022,1640
23/11/2022,1609
24/11/2022,1586
25/11/2022,1543
26/11/2022,579
27/11/2022,540
28/11/2022,2550
29/11/2022,2373
30/11/2022,2217
01/12/2022,2351
02/12/2022,2139
03/12/2022,831
04/12/2022,780
05/12/2022,3733
06/12/2022,3560
07/12/2022,3681
08/12/2022,3434
09/12/2022,3184
10/12/2022,1323
11/12/2022,1139
12/12/2022,4879
13/12/2022,4988
14/12/2022,5157
15/12/2022,4849
16/12/2022,4385
17/12/2022,1778
18/12/2022,1389
19/12/2022,6758
20/12/2022,6576
21/12/2022,6361
22/12/2022,6045
23/12/2022,5043
24/12/2022,1391
25/12/2022,842
26/12/2022,6585
27/12/2022,5907
28/12/2022,5992
29/12/2022,5320
30/12/2022,4779
31/12/2022,1525
01/01/2023,1055
02/01/2023,6441
03/01/2023,6210
04/01/2023,6292
05/01/2023,5585
06/01/2023,4884
07/01/2023,1756
08/01/2023,1580
09/01/2023,6848
10/01/2023,5634
11/01/2023,5188
12/01/2023,4614
13/01/2023,4039
14/01/2023,1467
15/01/2023,1299
16/01/2023,5477
17/01/2023,4609
18/01/2023,4627
19/01/2023,4196
20/01/2023,3894
21/01/2023,1444
22/01/2023,1200
23/01/2023,5420
24/01/2023,4416
25/01/2023,4184
26/01/2023,3899
27/01/2023,3241
28/01/2023,1221
29/01/2023,1063
30/01/2023,4774
31/01/2023,3755
01/02/2023,3602
02/02/2023,3353
03/02/2023,2973
04/02/2023,1065
05/02/2023,780
06/02/2023,1253
07/02/2023,4718
08/02/2023,4069
09/02/2023,3574
10/02/2023,3319
11/02/2023,1159
12/02/2023,940
13/02/2023,4343
14/02/2023,3410
15/02/2023,3555
16/02/2023,3388
17/02/2023,3045
18/02/2023,1064
19/02/2023,1006
20/02/2023,4379
21/02/2023,3811
22/02/2023,3714
23/02/2023,3418
24/02/2023,3026
25/02/2023,1033
26/02/2023,932
27/02/2023,4404
28/02/2023,3550
01/03/2023,3425
02/03/2023,3146
03/03/2023,3008
04/03/2023,954
05/03/2023,885
06/03/2023,4584
07/03/2023,3738
08/03/2023,3634
09/03/2023,3444
10/03/2023,3189
11/03/2023,1079
12/03/2023,891
13/03/2023,4587
14/03/2023,3628
15/03/2023,3316
16/03/2023,2999
17/03/2023,2613
18/03/2023,862
19/03/2023,627
20/03/2023,921
21/03/2023,3863
22/03/2023,3411
23/03/2023,3126
24/03/2023,2628
25/03/2023,919
26/03/2023,755
27/03/2023,3586
28/03/2023,2910
29/03/2023,2634
30/03/2023,2341
31/03/2023,2037
01/04/2023,667
02/04/2023,534
03/04/2023,2564
04/04/2023,2056
05/04/2023,1796
06/04/2023,552
07/04/2023,471
08/04/2023,443
09/04/2023,454
10/04/2023,2304
11/04/2023,1768
12/04/2023,1833
13/04/2023,1646
14/04/2023,1446
15/04/2023,455
16/04/2023,442
17/04/2023,2122
18/04/2023,1740
19/04/2023,1758
20/04/2023,1603
21/04/2023,1329
22/04/2023,421
23/04/2023,412
24/04/2023,2116
25/04/2023,1798
26/04/2023,1805
27/04/2023,1598
28/04/2023,1320
29/04/2023,438
30/04/2023,378
01/05/2023,555
02/05/2023,2140
03/05/2023,1788
04/05/2023,1652
05/05/2023,1197
06/05/2023,416
07/05/2023,361
08/05/2023,1874
09/05/2023,1453
10/05/2023,673
11/05/2023,1569
12/05/2023,1145
13/05/2023,348
14/05/2023,324
15/05/2023,1616
16/05/2023,1371
17/05/2023,1321
18/05/2023,1163
19/05/2023,1032
20/05/2023,312
21/05/2023,269
22/05/2023,1377
23/05/2023,1157
24/05/2023,1108
25/05/2023,1005
26/05/2023,817
27/05/2023,267
28/05/2023,248
29/05/2023,1104
30/05/2023,931
31/05/2023,820
01/06/2023,550
02/06/2023,470
03/06/2023,146
04/06/2023,118
05/06/2023,684
06/06/2023,540
07/06/2023,572
08/06/2023,540
09/06/2023,435
10/06/2023,157
11/06/2023,115
12/06/2023,621
13/06/2023,551
14/06/2023,536
15/06/2023,438
16/06/2023,392
17/06/2023,106
18/06/2023,94
19/06/2023,538
20/06/2023,493
21/06/2023,469
22/06/2023,481
23/06/2023,418
24/06/2023,105
25/06/2023,127
26/06/2023,654
27/06/2023,552
28/06/2023,489
29/06/2023,473
30/06/2023,404
01/07/2023,146
02/07/2023,102
03/07/2023,520
04/07/2023,564
05/07/2023,531
06/07/2023,505
07/07/2023,434
08/07/2023,133
09/07/2023,121
10/07/2023,701
11/07/2023,626
12/07/2023,544
13/07/2023,543
14/07/2023,417
15/07/2023,158
16/07/2023,107
17/07/2023,714
18/07/2023,626
19/07/2023,587
20/07/2023,601
21/07/2023,533
22/07/2023,156
23/07/2023,147
24/07/2023,749
25/07/2023,754
26/07/2023,736
27/07/2023,633
28/07/2023,522
29/07/2023,140
30/07/2023,157
31/07/2023,816
01/08/2023,934
02/08/2023,1008
03/08/2023,923
04/08/2023,851
05/08/2023,211
06/08/2023,208
07/08/2023,1268
08/08/2023,1264
09/08/2023,1157
10/08/2023,1156
11/08/2023,987
12/08/2023,312
13/08/2023,233
14/08/2023,1360
15/08/2023,1247
16/08/2023,1126
17/08/2023,1151
18/08/2023,1043
19/08/2023,315
20/08/2023,309
21/08/2023,1564
22/08/2023,1486
23/08/2023,1442
24/08/2023,1401
25/08/2023,1193
26/08/2023,368
27/08/2023,341
28/08/2023,1759
29/08/2023,1605
30/08/2023,1659
31/08/2023,1536
01/09/2023,1400
02/09/2023,411
03/09/2023,373
04/09/2023,2105
05/09/2023,1813
06/09/2023,1772
07/09/2023,1714
08/09/2023,1412
09/09/2023,400
10/09/2023,371
11/09/2023,2261
12/09/2023,1854
13/09/2023,1685
14/09/2023,1346
15/09/2023,500
16/09/2023,152
17/09/2023,221
18/09/2023,1228
19/09/2023,1060
20/09/2023,1012
21/09/2023,839
22/09/2023,639
23/09/2023,166
24/09/2023,100
25/09/2023,802
26/09/2023,610
27/09/2023,565
28/09/2023,430
29/09/2023,173
30/09/2023,32
01/10/2023,21
02/10/2023,59
03/10/2023,47
04/10/2023,46
05/10/2023,42
06/10/2023,38
07/10/2023,10
08/10/2023,18
09/10/2023,39
10/10/2023,48
11/10/2023,35
12/10/2023,31
13/10/2023,30
14/10/2023,10
15/10/2023,11
16/10/2023,42
17/10/2023,26
18/10/2023,35
19/10/2023,28
20/10/2023,16
21/10/2023,11
22/10/2023,7
23/10/2023,33
24/10/2023,24
25/10/2023,12
26/10/2023,15
27/10/2023,15
28/10/2023,11
29/10/2023,6
30/10/2023,19
31/10/2023,18
01/11/2023,12
02/11/2023,4
03/11/2023,8
04/11/2023,8
05/11/2023,3
06/11/2023,15
07/11/2023,17
08/11/2023,17
09/11/2023,27
10/11/2023,15
11/11/2023,7
12/11/2023,4
13/11/2023,11
14/11/2023,14
15/11/2023,16
16/11/2023,9
17/11/2023,11
18/11/2023,4
19/11/2023,3
20/11/2023,6
21/11/2023,15
22/11/2023,13
23/11/2023,14
24/11/2023,11
25/11/2023,6
26/11/2023,13
27/11/2023,15
28/11/2023,11
29/11/2023,25
30/11/2023,21
01/12/2023,15
02/12/2023,3
03/12/2023,7
04/12/2023,18
05/12/2023,22
06/12/2023,20
07/12/2023,25
08/12/2023,11
09/12/2023,3
10/12/2023,12
11/12/2023,32
12/12/2023,15
13/12/2023,16
14/12/2023,25
15/12/2023,24
16/12/2023,7
17/12/2023,7
18/12/2023,20
19/12/2023,32
20/12/2023,24
21/12/2023,15
22/12/2023,10
23/12/2023,6
24/12/2023,9
25/12/2023,12
26/12/2023,29
27/12/2023,29
28/12/2023,21
29/12/2023,18
30/12/2023,7
31/12/2023,11
01/01/2024,14
02/01/2024,62
03/01/2024,65
04/01/2024,56
05/01/2024,52
06/01/2024,17
07/01/2024,24
08/01/2024,90
09/01/2024,82
10/01/2024,92
11/01/2024,96
12/01/2024,94
13/01/2024,30
14/01/2024,44
15/01/2024,193
16/01/2024,174
17/01/2024,178
18/01/2024,184
19/01/2024,171
20/01/2024,44
21/01/2024,50
22/01/2024,260
23/01/2024,246
24/01/2024,247
25/01/2024,205
26/01/2024,150
27/01/2024,89
28/01/2024,62
29/01/2024,270
30/01/2024,273
31/01/2024,296
01/02/2024,245
02/02/2024,173
03/02/2024,76
04/02/2024,70
05/02/2024,68
06/02/2024,348
07/02/2024,277
08/02/2024,261
09/02/2024,198
10/02/2024,86
11/02/2024,106
12/02/2024,376
13/02/2024,274
14/02/2024,208
15/02/2024,236
16/02/2024,185
17/02/2024,56
18/02/2024,87
19/02/2024,263
20/02/2024,225
21/02/2024,216
22/02/2024,232
23/02/2024,177
24/02/2024,54
25/02/2024,92
26/02/2024,214
27/02/2024,200
28/02/2024,215
29/02/2024,149
01/03/2024,172
02/03/2024,61
03/03/2024,76
04/03/2024,204
05/03/2024,161
06/03/2024,160
07/03/2024,126
08/03/2024,104
09/03/2024,44
10/03/2024,56
11/03/2024,147
12/03/2024,109
13/03/2024,114
14/03/2024,92
15/03/2024,72
16/03/2024,26
17/03/2024,20
18/03/2024,50
19/03/2024,58
20/03/2024,87
21/03/2024,92
22/03/2024,72
23/03/2024,34
24/03/2024,30
25/03/2024,86
26/03/2024,60
27/03/2024,61
28/03/2024,16
29/03/2024,16
30/03/2024,10
31/03/2024,32
01/04/2024,78
02/04/2024,82
03/04/2024,62
04/04/2024,59
05/04/2024,78
06/04/2024,22
07/04/2024,29
08/04/2024,74
09/04/2024,57
10/04/2024,66
11/04/2024,40
12/04/2024,32
13/04/2024,2
14/04/2024,16
15/04/2024,59
16/04/2024,65
17/04/2024,44
18/04/2024,38
19/04/2024,34
20/04/2024,16
21/04/2024,18
22/04/2024,65
23/04/2024,48
24/04/2024,58
25/04/2024,46
26/04/2024,32
27/04/2024,4
28/04/2024,18
29/04/2024,50
30/04/2024,38
01/05/2024,23
02/05/2024,48
03/05/2024,25
04/05/2024,14
05/05/2024,9
06/05/2024,28
07/05/2024,54
08/05/2024,33
09/05/2024,16
10/05/2024,33
11/05/2024,15
12/05/2024,14
13/05/2024,33
14/05/2024,23
15/05/2024,32
16/05/2024,29
17/05/2024,26
18/05/2024,5
19/05/2024,11
20/05/2024,33
21/05/2024,22
22/05/2024,27
23/05/2024,23
24/05/2024,11
25/05/2024,4
26/05/2024,8
27/05/2024,26
28/05/2024,18
29/05/2024,26
30/05/2024,13
31/05/2024,15
01/06/2024,4
02/06/2024,9
03/06/2024,36
04/06/2024,23
05/06/2024,28
06/06/2024,26
07/06/2024,24
08/06/2024,8
09/06/2024,5
10/06/2024,34
11/06/2024,28
12/06/2024,31
13/06/2024,36
14/06/2024,20
15/06/2024,6
16/06/2024,16
17/06/2024,50
18/06/2024,44
19/06/2024,26
20/06/2024,28
21/06/2024,29
22/06/2024,8
23/06/2024,8
24/06/2024,45
25/06/2024,42
26/06/2024,46
27/06/2024,49
28/06/2024,42
29/06/2024,12
30/06/2024,14
01/07/2024,68
02/07/2024,72
03/07/2024,55
04/07/2024,63
05/07/2024,56
06/07/2024,15
07/07/2024,30
08/07/2024,93
09/07/2024,88
10/07/2024,77
11/07/2024,92
12/07/2024,92
13/07/2024,22
14/07/2024,33
15/07/2024,157
16/07/2024,132
17/07/2024,156
18/07/2024,191
19/07/2024,163
20/07/2024,30
21/07/2024,59
22/07/2024,202
23/07/2024,185
24/07/2024,181
25/07/2024,160
26/07/2024,138
27/07/2024,38
28/07/2024,48
29/07/2024,193
30/07/2024,130
31/07/2024,146
01/08/2024,122
02/08/2024,67
03/08/2024,39
04/08/2024,40
05/08/2024,136
06/08/2024,121
07/08/2024,108
08/08/2024,93
09/08/2024,83
10/08/2024,23
11/08/2024,48
12/08/2024,135
13/08/2024,115
14/08/2024,90
15/08/2024,75
16/08/2024,61
17/08/2024,17
18/08/2024,28
19/08/2024,91
20/08/2024,65
21/08/2024,62
22/08/2024,46
23/08/2024,49
24/08/2024,12
25/08/2024,19
26/08/2024,67
27/08/2024,58
28/08/2024,69
29/08/2024,39
30/08/2024,42
31/08/2024,21
01/09/2024,13
02/09/2024,55
03/09/2024,47
04/09/2024,44
05/09/2024,48
06/09/2024,25
07/09/2024,12
08/09/2024,14
09/09/2024,50
10/09/2024,31
11/09/2024,34
12/09/2024,31
13/09/2024,19
14/09/2024,11
15/09/2024,9
16/09/2024,12
17/09/2024,34
18/09/2024,29
19/09/2024,23
20/09/2024,10
21/09/2024,11
22/09/2024,10
23/09/2024,33
24/09/2024,19
25/09/2024,16
26/09/2024,17
27/09/2024,8
28/09/2024,5
29/09/2024,3
30/09/2024,11
01/10/2024,16
02/10/2024,25
03/10/2024,16
04/10/2024,13
05/10/2024,4
06/10/2024,10
07/10/2024,13
08/10/2024,9
09/10/2024,10
10/10/2024,3
11/10/2024,7
12/10/2024,4
13/10/2024,4
14/10/2024,2
15/10/2024,7
16/10/2024,6
17/10/2024,5
18/10/2024,5
19/10/2024,2
20/10/2024,3
21/10/2024,5
22/10/2024,7
23/10/2024,8
24/10/2024,7
25/10/2024,1
26/10/2024,
27/10/2024,3
28/10/2024,5
29/10/2024,5
30/10/2024,1
31/10/2024,5
01/11/2024,5
02/11/2024,4
03/11/2024,7
04/11/2024,14
05/11/2024,10
06/11/2024,4
07/11/2024,5
08/11/2024,4
09/11/2024,1
10/11/2024,2
11/11/2024,4
12/11/2024,2
13/11/2024,3
14/11/2024,3
15/11/2024,3
16/11/2024,3
17/11/2024,1
18/11/2024,2
19/11/2024,2
20/11/2024,7
21/11/2024,3
22/11/2024,3
23/11/2024,
24/11/2024,1
25/11/2024,3
26/11/2024,2
27/11/2024,
28/11/2024,1
29/11/2024,4
30/11/2024,
01/12/2024,1
